N,D,uD,loss
3899710720.0,26000000000.0,26000000000.0,2.916993
3899710720.0,26000000000.0,12000000000.0,2.947956
3899710720.0,26000000000.0,1500000000.0,3.02017
