N,D,uD,loss
7098752.0,100000000.0,100000000.0,8.102005
7098752.0,200000000.0,100000000.0,7.36236
